participant_id,environment,p_type,mean,median,q5,q25,q75,q95,sd
41181,indoor,pm1,73.43128777641415,84.0255591054313,90.28213166144202,82.20264317180617,84.73346357800726,65.85635509936668,19.146337347666716
41181,indoor,pm10,24.699141708214835,78.08810826374892,77.30582524271846,77.64578833693305,56.26414484319431,-23.892632104310824,-1.8321825977852193
41181,indoor,pm1num,29.4471880657418,63.129290617848966,35.04122497055359,49.04761904761905,64.30103333983233,19.08778037897434,-168.10017214615698
41181,indoor,pm25,62.964183665616225,80.8728652751423,78.84987558750345,75.65740045078887,81.17312072892938,51.14597544338338,4.246186842522914
41181,outdoor,pm1,54.50573291600677,34.021113243761995,20.240480961923843,3.779665983006166,54.32501748659361,70.00493641189013,79.69214814025786
41181,outdoor,pm10,-81.2643787702673,-52.62048615989883,-28.008840667068522,-15.786086620760676,-92.5879865688347,-145.2252826580166,-70.23599897083199
41181,outdoor,pm1num,45.74757565632316,39.055672007674,54.485516315130795,24.809691413604003,51.15763139883411,51.75479504753831,62.23889358858661
41181,outdoor,pm25,25.570950702104764,13.235831809872032,-8.378699705900736,-30.040650406504064,32.22991272946133,34.94028852584314,57.209426982312294
41181,ratio,pm1,72.67655183984414,81.89090278027429,85.5261958190107,82.47063216398699,79.5697186373987,77.92425521642288,53.76605031114888
41181,ratio,pm10,50.76521029677517,85.96221953210092,94.57782944375086,91.83867965732206,75.4262584118775,40.239040670728116,32.15544818083467
41181,ratio,pm1num,-19.26198088336677,49.67043895420489,5.480789590752546,36.48047124237515,59.36889220408309,-31.295004470369953,-443.8237052866074
41181,ratio,pm25,63.295057039556234,82.43463028029193,92.36603367465304,84.09524805178168,78.37855412892667,51.233494007723316,38.08829769926053
41211,indoor,pm1,82.37963688167866,83.21174798673614,82.73001508295626,80.91563404318468,84.33498641114006,81.35305735395447,80.72116903008688
41211,indoor,pm10,75.1138086206175,80.38734896943853,87.52526093055323,83.46725419042681,78.07866450074309,71.29711397770711,63.560521584328136
41211,indoor,pm1num,73.92500531351992,78.00959191093719,83.625322997416,74.25931218443365,76.67571673172561,71.13440114450874,69.31962604013138
41211,indoor,pm25,82.2555433076773,82.55394059763475,86.00959342165372,83.40372103641137,84.07298734641482,80.84361407521286,80.43753851651947
41271,indoor,pm1,62.33336506694102,66.3670766319773,67.49805694905673,67.72590094088407,56.65829145728643,58.57220762480791,64.47240426914176
41271,indoor,pm10,20.975621760291567,44.91648511256355,51.63634434837956,52.82436602710318,29.325325091842096,8.83291126911463,-26.227492411221142
41271,indoor,pm1num,63.297388032505935,64.90396403759705,63.68377658044601,65.28852531505638,58.74157594608605,64.94240390019208,67.77023349375388
41271,indoor,pm25,60.372904194715986,61.09682947729221,58.724428399518644,62.83783783783784,55.16989700754196,61.32919668726448,67.56437258373963
41271,outdoor,pm1,-19.899827002534437,2.1268368136117446,-13.06011331027886,-16.298145506419413,-21.175799086758005,-42.66986007815454,-45.14700925483984
41271,outdoor,pm10,48.910163259305335,-24.782356355194416,-67.27427115765637,-44.0850397808791,15.327820437093912,49.744779319826364,97.650040509327
41271,outdoor,pm1num,40.47400958050172,34.96126521723608,53.634076750350324,42.54190762998692,42.24957140748645,34.913453918556286,35.812161043078916
41271,outdoor,pm25,-2.7069772389317377,0.893371757925076,-24.52975047984643,-6.292645943896886,-5.083472006012127,-10.437241379310326,74.00448932918937
41271,ratio,pm1,77.08680482595425,63.74941502755526,66.43536661312028,64.1000256092295,66.19376192275594,85.78926786141002,90.91813907065068
41271,ratio,pm10,30.894797940856392,55.51394590133652,42.14535960779632,52.36217105694407,47.8160945703304,-11.384071325105632,26.58555623355884
41271,ratio,pm1num,47.874986381178225,30.698233703830287,34.11330133332005,28.67659231153725,31.24851151053385,63.31809269928435,79.89157253843973
41271,ratio,pm25,67.73805118630398,61.90139463515353,56.87824259637014,62.141071354219704,62.7572644958856,70.1376421317228,86.88440108709668
42231,indoor,pm1,-10.862922652013628,19.676549865229113,-80.95238095238093,6.017191977077353,-5.735294117647047,-179.41935679795947,42.087525589837185
42231,indoor,pm10,-14.865606309658812,30.9375,4.651162790697663,27.169811320754718,-15.704959460882387,-16.23121046731442,-39.16429108065857
42231,indoor,pm1num,68.7468975354551,71.42434113118152,62.35476374903176,67.96966161026837,67.40293185419968,63.76485586215409,71.51986555287998
42231,indoor,pm25,-12.735653473575178,32.323232323232325,-4.411764705882336,22.116689280868393,11.003051106025934,-79.69710692700227,15.088426938500195
42231,outdoor,pm1,41.55747130249473,41.49297140087252,4.072398190045252,15.875692604191757,46.316131126257716,43.172296471908304,18.85844836929317
42231,outdoor,pm10,-8.7732761908934,-88.42402698022059,16.105429450403275,-7.520936661517187,-117.96759299590556,-28.47485262224605,86.94694177857903
42231,outdoor,pm1num,44.91894368837245,36.24887285843102,8.004268943436507,17.714583876858864,46.303184251111304,57.75996089367568,56.77495603179842
42231,outdoor,pm25,9.913395019092972,-0.23597749137774368,16.705710102489014,-1.9053876478317946,-8.341178685746568,14.949863873224857,50.34014736484185
42231,ratio,pm1,-30.083027179915284,-31.956101952340443,-216.42443076939185,-44.022145800054595,-54.96301110552985,-400.32637064057883,45.39663384318361
42231,ratio,pm10,-25.579693064492588,33.74708745226647,61.104308855527634,66.28034817005425,3.3714989469755507,-54.292584417873435,3.6455946424856163
42231,ratio,pm1num,76.31772624023834,58.269953569892614,24.402127522898642,47.90567205047339,50.47071926804308,54.196265527289405,89.70300363533974
42231,ratio,pm25,-9.40420031416978,15.870787726738333,11.221356040767416,34.609321994548786,-4.6198116735375425,-140.78090378115928,47.79257219866196
42281,indoor,pm1,93.41553266056992,76.4613309352518,36.508848540565396,59.301496792587315,92.39241058447223,97.25194913681085,97.81072286985265
42281,indoor,pm10,65.32351000346206,38.820880009238955,7.544169611307414,38.95749888740543,60.275393532448604,72.55427120299304,71.56976094271005
42281,indoor,pm1num,90.99538038498198,78.94941634241245,68.02505412929169,69.89372927343986,92.32452999104746,94.46853393070079,94.81782692200194
42281,indoor,pm25,91.89164373286285,70.867567191199,34.18968854478269,57.15563506261181,90.53018481916848,96.60130787780503,97.41183889788677
42281,outdoor,pm1,-15.379680393080385,64.89746682750302,91.89189189189189,78.0821917808219,-47.03367183324425,-38.552261415278046,-39.842827311164
42281,outdoor,pm10,46.7187444528732,69.59424756034926,91.22697079834565,85.32242540904717,33.746130030959755,43.007786685055954,33.31757628218534
42281,outdoor,pm1num,69.26342772848417,93.21342399649046,98.65358722831313,97.17201324431417,56.205619018215494,40.11356653337347,1.4688291499522723
42281,outdoor,pm25,-11.523991842468698,64.61538461538461,89.6484375,80.49568965517243,-38.90164961369807,-61.35039551690557,-81.94495559476029
42281,ratio,pm1,31.593162766249442,30.325610611381446,76.76843402939723,76.51280139206163,55.69859542407257,53.50278071001929,-6.182111066632621
42281,ratio,pm10,-165.53210814294417,-95.27612863525714,-84.68693049538774,-47.268660905556374,-99.15790135360575,-141.8215477921817,-470.07299994781357
42281,ratio,pm1num,-88.05449418060691,-221.11476622399965,34.04024771650526,-39.55922775984574,-107.45654869882263,-21.765420283796047,-160.5710257617114
42281,ratio,pm25,56.30004672730892,14.184582167595506,69.30266468932068,61.05358171995204,51.45885881920998,69.48507793991078,26.911760875852337
42301,indoor,pm1,-75.82423733559584,66.39079531691563,84.90310950878774,73.88012618296531,55.52492809204218,-194.98988960542135,-123.35559669931409
42301,indoor,pm10,-0.54992075852948,84.16483389281166,88.72017353579176,78.96407556519046,67.95504252733899,-43.53419068736141,-110.60769707956234
42301,indoor,pm1num,2.501050326337357,73.20954907161803,75.04084225812306,73.8173455978975,67.76243431504338,-71.50302609306632,-55.32309232343106
42301,indoor,pm25,-64.53847853933333,68.71761658031087,87.14347450302506,74.25335988053757,59.1893620910254,-195.75969333005804,-122.4183764254224
42301,outdoor,pm1,61.37009265208781,60.54717861029069,90.48414023372287,81.28039814500622,54.13754422297005,59.2304059181583,52.64900890674191
42301,outdoor,pm10,-123.46965177144543,46.62067281274803,45.59347661734529,20.88838453432763,-109.09423190726496,-267.9983821528732,-155.32908115089197
42301,outdoor,pm1num,-6.037338728115324,-15.455893254262424,-198.8326848249027,-22.6514967145291,2.618107062237987,8.54428745169304,18.296811537130704
42301,outdoor,pm25,39.19352369868885,38.61833406787132,66.9927536231884,36.57679991736391,43.433100503058164,32.830723598953924,35.751187994028264
42301,ratio,pm1,-772.8859536313589,-1.9326609013030096,31.08513396114889,12.523617849324362,-63.34985301104116,-1354.0073523674655,-1005.0809868016165
42301,ratio,pm10,-20.15132464603422,69.92494938435128,95.70701701796973,79.5064780638017,68.40068503049629,10.70964192760989,-176.17346576389545
42301,ratio,pm1num,16.782961874449075,77.67700335233282,68.19308769340277,74.06064378604138,74.72105004885559,-23.072500694659855,-8.626407273383466
42301,ratio,pm25,-191.63261070407364,37.65783595048539,72.60303977804284,42.011043707242905,30.604426730802924,-482.7982631188187,-305.48351820211633
42321,indoor,pm1,45.54017941426447,92.68024215740232,93.46938775510203,91.1455108359133,92.0719757705327,24.037227214377435,-405.927680239268
42321,indoor,pm10,13.06617619039461,88.22402044293015,93.3977455716586,89.82198142414862,66.12623045744066,-11.645443457962292,-157.85399902955575
42321,indoor,pm1num,62.96301565921944,92.79003065967758,87.90369935408104,89.1825307950728,92.50664057039005,49.17714934266535,-187.46080940435132
42321,indoor,pm25,35.41823203162169,91.13699670802734,92.7159209157128,89.44033790918691,89.8723547195163,12.240819385460998,-511.69419590349
42321,outdoor,pm1,-257.1939744169292,-277.10526315789474,-130.95022624434395,-195.5128205128205,-353.2630725577624,-208.8639551192147,-202.79529186619007
42321,outdoor,pm10,-54.39216416502529,-156.70380330388016,-68.38365896980463,-126.37453493179,-68.68089082697398,-12.474151768284178,-15.57006777691482
42321,outdoor,pm1num,-155.97445098743958,-193.37697343088186,-158.13594232749742,-214.83113069016153,-233.208430913349,-68.87020821171433,-84.92231136523576
42321,outdoor,pm25,-171.83048960645593,-228.99082568807336,-107.48209074024938,-155.7377049180328,-212.8256513026052,-113.93131495707185,-126.70864353824841
42321,ratio,pm1,90.63914566927743,97.56771280234933,97.49424658452047,97.28670855586037,97.52215240037383,91.19696103266699,64.44360057728923
42321,ratio,pm10,62.85370276789917,93.39642049223396,91.35505077126776,93.24756169932935,88.71088873328691,63.864546787659876,0.9652422072368039
42321,ratio,pm1num,87.92394116680694,97.3595595523542,94.37083207145778,95.890007685199,97.45123061312216,88.0898715765178,24.009631800664796
42321,ratio,pm25,84.14831134319428,96.34703254979654,95.40097413114756,96.04843874212743,96.49000209097609,84.47180301900818,34.73576904048794
44241,indoor,pm1,56.46257765027692,50.29585798816568,84.76190476190477,54.117647058823536,59.53648606326339,55.07129125874917,57.305749626362434
44241,indoor,pm10,-41.08040896190515,63.861266068396795,68.79206951413536,60.20408163265306,54.95856479373463,31.734568430683005,-500.8569901104646
44241,indoor,pm1num,11.804470500870789,28.235294117647054,46.50924643093791,33.304548071387444,29.93819530284302,-13.466897040758235,4.832112445815171
44241,indoor,pm25,34.66294384172095,64.09867172675521,76.90058479532163,57.89473684210526,63.45746931866271,46.39953285498165,-31.79149226183154
44241,outdoor,pm1,-198.19294122143535,-220.25440313111548,-156.64739884393066,-182.48772504091653,-268.17768344451184,-201.28266819043031,-9.568654425745855
44241,outdoor,pm10,38.61782462265779,23.099507182552177,-44.605809128630696,-4.644295302013424,41.69020660674682,17.000253151033668,88.67031768249373
44241,outdoor,pm1num,-215.728661206888,-278.36505778382053,-150.48913043478265,-221.68173168411033,-240.8177974245627,-182.9872675626866,-96.3392820651879
44241,outdoor,pm25,-95.53294411430232,-77.83641160949865,-128.46910112359552,-117.58747697974215,-97.15036657905658,-119.50368638734025,-0.749992872939775
44241,ratio,pm1,86.27236982249792,85.91965752449858,91.69255528779522,86.63729809104258,87.66802919240801,89.08990931881823,83.6771915805462
44241,ratio,pm10,13.919032339494494,56.80807256622825,52.881023773428296,47.91831239528012,51.40089239730108,36.7224318766596,-41.99867928707215
44241,ratio,pm1num,62.862938073439494,80.84798039734405,82.28521001145609,77.15108253632795,79.20238617902211,69.84235952350909,11.607482883632828
44241,ratio,pm25,69.03619476837468,81.22878080077464,84.47591019914181,81.77192286252726,83.1081824221227,79.31217437932314,34.3235074764337
44621,indoor,pm1,-9.753569236091982,41.380702462656444,18.211920529801322,35.783633841886264,57.04751469269847,49.57478075373321,-666.5997606862842
44621,indoor,pm10,-7.849429923937762,60.33469823749332,34.21161825726141,49.06514465656367,57.24157120994297,1.4500455791876776,-434.8272097881981
44621,indoor,pm1num,21.064333917940107,42.29390681003584,-19.969278033794144,26.08991825613079,55.11551155115512,58.24920211033676,-183.6446651103012
44621,indoor,pm25,-11.958139650826935,43.20486815415822,22.757140941397353,38.7299771167048,57.132793237055296,50.616778769511484,-752.9001406918514
44621,outdoor,pm1,50.07677616377049,33.34886972733629,53.13609467455621,41.995841995842,48.037542662116046,54.19495884773668,70.55981212319496
44621,outdoor,pm10,55.102695182920726,70.44450455324137,71.16395244280149,69.95821080328123,64.4463621163907,40.86281103374948,9.997438526411253
44621,outdoor,pm1num,-117.2812232474772,-210.12090890139666,-169.45388349514565,-182.4617010036979,-138.3965156594745,-36.991952825378476,-8.379519662551022
44621,outdoor,pm25,40.997377660866604,29.348617176128098,49.2467043314501,36.43243243243244,43.218105720043404,36.966020846828826,59.96988449343969
44621,ratio,pm1,-99.66073980399155,6.764319875377362,23.691081622884543,15.296475180071333,-24.856529773369843,-113.43839495353456,-1822.4038866271937
44621,ratio,pm10,-184.318711224351,-31.877939402263177,-14.239818768438228,-29.61670845275162,-66.67424817270212,-236.45754949097497,-958.2417448713171
44621,ratio,pm1num,53.63472397714141,80.72024079717664,70.6693849023223,78.45601474898423,78.94539043394659,55.59060657798694,-375.94770672372516
44621,ratio,pm25,-73.9237950470806,20.47586605657646,37.51224846230685,25.781289885633164,-6.490857176372951,-93.02034978869477,-1764.787725727973
45361,indoor,pm1,31.05670954744811,49.382716049382715,94.44444444444444,64.60674157303372,32.56385068762278,5.603351955307327,-1.031856741318243
45361,indoor,pm10,28.127185143155096,44.22123662927211,75.96059113300493,62.38532110091744,26.34496736311884,15.632205474597134,44.60754605104255
45361,indoor,pm1num,39.8404062994031,64.37054631828978,35.86206896551724,65.09218612818262,43.99196352677537,6.576245643778878,1.2380596673818325
45361,indoor,pm25,39.33301281828631,45.10869565217392,73.59550561797754,58.33333333333333,31.328715365239297,18.255941499085953,50.926340278560886
45361,outdoor,pm1,45.460659137737956,43.72638695565718,72.84644194756554,57.99055967633176,33.29705462213454,49.11969189216224,45.9091373114966
45361,outdoor,pm10,-98.33493334853662,-0.3123915307184969,-52.121970645124584,9.993753903810115,-102.46305418719211,-173.23880062236486,-196.9433735552904
45361,outdoor,pm1num,78.55025457289035,81.85972741202721,87.6145573239967,81.54767888377329,77.54086119638265,73.07209333392709,67.76942931703024
45361,outdoor,pm25,15.803550585751504,18.41341502741052,9.056868710507862,29.43608590789021,12.893789378937893,7.369171341855939,14.314162394563446
45361,ratio,pm1,-49.98984921273312,13.054927716172623,77.52833731240112,35.64727954971858,-14.105061476167103,-105.4204604207555,-228.32709938515973
45361,ratio,pm10,63.61431821443854,50.08600006445786,87.64797269561713,60.325081992632626,57.1899626070472,59.61559969656016,69.86066050843058
45361,ratio,pm1num,-269.4295818954363,-107.54098154748226,-107.92818206645991,-81.37176707362768,-170.07540473465318,-551.8406332855997,-676.8963601504829
45361,ratio,pm25,24.945470206092562,37.522281416199554,70.4097144702041,54.708226048918164,16.478628273029415,6.7972939079842805,28.11408796486975
45411,indoor,pm1,75.44794427440526,83.98268398268398,60.22727272727272,79.53216374269006,79.57522574081139,68.91619788323831,62.38563915411853
45411,indoor,pm10,-49.9575185979817,11.552553240210674,80.71996764190374,75.33302710151584,-65.1012891344383,-99.27797528356191,-82.4706065140369
45411,indoor,pm1num,86.49933498222893,90.57073170731708,78.694158075601365,84.54913219365783,88.62970939095507,85.84940525723235,80.0811889470538
45411,indoor,pm25,69.46362943781794,79.39932318104907,69.50549450549451,75.07958162801272,72.28483606557377,61.25989739839812,56.62701680965576
45411,outdoor,pm1,38.79801143524193,23.485444531864665,-15.69982323638117,13.918778202013197,43.12251392203659,49.50918630984658,49.28106364111095
45411,outdoor,pm10,16.950764056511414,43.79833649496571,30.332409972299168,40.39907460960093,18.45107601449599,-5.280148728844682,-13.290036154011807
45411,outdoor,pm1num,21.685917388967837,6.793551882958548,59.276914051041366,36.77213233020715,20.172804804037447,28.626379494995827,15.360979595093177
45411,outdoor,pm25,32.725450234232405,34.78857770455793,21.073793755912963,30.12971698113207,36.58041603247083,26.255873905537477,29.351319383875015
45411,ratio,pm1,82.20766812357813,69.17441781483217,36.61383631088411,45.32682709397578,84.67158840313809,85.4656105254792,80.29919779150588
45411,ratio,pm10,-48.18443110117402,-17.621576014594066,45.23948835898134,38.46685797052526,-31.074604215437816,-60.3937142832807,-81.11663028865925
45411,ratio,pm1num,84.48857464291237,80.9536649558394,73.3174655635385,66.76961648038892,89.42656028539164,88.28161195087903,75.86478896766123
45411,ratio,pm25,70.90103290149568,61.59701475605076,36.06145468251689,39.47637287112792,74.94905988373914,78.99347239643402,63.08104022440003
45451,indoor,pm1,77.41478741566759,77.8513612950699,90.38189533239039,83.01343570057581,72.87501461475505,79.17239693163407,74.29086602032844
45451,indoor,pm10,48.65218379332408,69.96239769962396,83.15282791817087,75.61733724745295,66.23931623931624,25.40875037301919,-41.98891291899311
45451,indoor,pm1num,65.54951246655783,74.23076923076923,82.35583658324182,76.22979416211187,63.358990361278686,60.23700234704537,59.29177020300879
45451,indoor,pm25,74.9961783395676,75.58912386706947,85.97168597168597,79.39053728949479,70.97125867195243,77.28107687107818,68.6285852070994
45451,outdoor,pm1,-23.64353260813116,-1.9698725376593298,69.0909090909091,11.292962356792136,-8.486140724946688,-97.91053101294048,-79.61157084112887
45451,outdoor,pm10,11.726415397792048,-46.906608226567776,-37.00958748580802,-66.4103403141361,1.179787386869709,41.7362704175794,48.475241518148074
45451,outdoor,pm1num,17.48187859892007,10.635030711313679,-10.68233944954129,-5.033003300330028,6.40692277582059,33.968674521583004,38.591025972031545
45451,outdoor,pm25,-7.96456705710598,-3.899082568807334,41.97491880187657,-11.720521541950111,7.589051859612367,-33.59134251991392,-33.648936000521594
45451,ratio,pm1,77.17832456918869,79.82655521604671,83.09746297424583,80.12081265371893,76.33907711674864,77.5474834863868,66.92471739176065
45451,ratio,pm10,58.046290497048155,77.7914691943128,76.1260534252516,78.02119706452295,74.07625461820126,55.639174519664955,-27.939019937140152
45451,ratio,pm1num,70.32067727576491,69.4186988628278,59.47523748052199,65.32362284219981,70.63560071114232,74.17670340986946,77.33918821299949
45451,ratio,pm25,76.5154379846209,76.40327032294164,78.26119060221201,76.51371916646836,76.97378248145773,79.02414939755482,69.17865164102821
46591,indoor,pm1,-43.69701217641466,7.669616519174047,26.984126984126977,4.5569620253164596,-2.526132404181197,-66.58310702597328,-457.6311054572734
46591,indoor,pm10,-2.859993527520284,13.043478260869568,16.312726128677063,6.8345323741007125,-1.468234639203942,-0.44698881197650747,-49.67421578653867
46591,indoor,pm1num,-104.88895077841799,-40.92999489013796,39.27370544720914,-24.166509700508556,-78.51083883129122,-156.1452960697296,-200.87391663823897
46591,indoor,pm25,-35.98660714966508,3.8543897216274123,20.89552238805971,6.249999999999991,-15.821736249171638,-57.07051175809816,-290.0936958272845
46591,outdoor,pm1,-9.905101616790938,6.250000000000001,43.13471502590674,-11.46370487901627,11.659852820932135,-41.03531025025712,-14.173184881620562
46591,outdoor,pm10,-65.10194451499527,-133.6862045910408,-63.30443828016644,-129.27310488058154,-92.72753373528568,-24.353000671092186,-34.46470041092229
46591,outdoor,pm1num,-4.336983605471645,-34.763343403826745,-35.46655424395725,-66.93169497650887,-50.45191732571274,45.61389167128866,48.83677651857758
46591,outdoor,pm25,-9.619409981381176,-15.709191759112505,10.989849995508852,-15.028535193405206,-14.059310841637643,5.184299073588448,3.539100039172073
46591,ratio,pm1,-2.027545672115705,-1.3040310774855066,-9.56299366416613,-10.614051914152183,5.080841302277731,18.893172326391863,-102.86085730430682
46591,ratio,pm10,55.47529480427493,49.31392112584052,48.20412725486842,53.11869533364475,50.585280700166244,62.739031904850734,50.65268555377795
46591,ratio,pm1num,-1.0806661373052922,1.7558083365039594,-65.59229041252242,-2.3875080750281836,-7.366526656775533,24.091530911384982,-35.88698972414209
46591,ratio,pm25,3.1024081094082003,4.7083344397120666,-3.5980674782909507,-2.336223552012412,4.987319683010342,17.70885359867853,-59.19462602524327
51131,indoor,pm1,67.22997952207685,70.05104934770277,19.858156028368786,54.67160037002775,75.9682040854053,70.54697986577185,52.216147812297216
51131,indoor,pm10,59.10044356023692,70.86692122754913,32.76595744680851,63.423212192262596,72.34123815145307,51.892880735809854,34.92119636710509
51131,indoor,pm1num,37.49868882598444,54.27882683808759,-18.254410399257186,21.204265105582262,52.28391574529901,31.614508966583614,-5.922345555425262
51131,indoor,pm25,65.95828611232687,70.00350017500874,29.690585911784073,57.14853057982524,76.1112533060319,70.71496733465467,44.600860141418224
51131,outdoor,pm1,-122.10117765668925,-198.21678321678326,-721.4770459081836,-341.7155425219941,-54.148626588118404,-51.19299513168529,-238.99974799110817
51131,outdoor,pm10,-110.55830328559229,-115.79405113932859,-434.85347985347977,-266.4644012944984,-73.75025504998979,-68.67380057199755,-149.07632650908712
51131,outdoor,pm1num,-143.98877444238258,-183.1614199598125,-197.21385287247364,-172.5655602420686,-142.35070187960977,-91.17704730307373,-96.76766783524027
51131,outdoor,pm25,-114.60815755295916,-166.18300266508737,-412.1626358219419,-252.02407002188178,-55.590020229265015,-54.82104308237633,-242.4096519731633
51131,ratio,pm1,89.49452653268193,87.87874473210398,83.01052010215723,87.1693771721761,88.14060267530903,90.84276562518139,92.37366314839582
51131,ratio,pm10,85.50783735787029,87.28782321068407,81.13992671856337,86.49038023812601,86.77403614386064,82.98105655343574,86.88261424615011
51131,ratio,pm1num,80.26880169328444,77.5760154390006,58.013432673289735,67.2215163977663,83.06075023549509,82.74756062472593,82.71139618931139
51131,ratio,pm25,86.04032116465432,86.89703719217283,83.47365952809112,86.30325684563321,86.44073137887581,87.72046377380487,82.5184978780729
55121,indoor,pm1,50.356530632136014,-35.01997336884155,-369.69696969696963,-59.803921568627466,-19.89409984871406,-39.511290689335624,89.3102280923162
55121,indoor,pm10,52.983701735903324,-18.918226095872843,-33.916328529452926,-8.138447146866227,18.970211402946827,46.38783061030114,81.00037264377313
55121,indoor,pm1num,33.29318246680988,-5.470412941677302,-29.32996207332489,-42.388758782201414,-21.35526712948989,-7.6778321415129716,80.59064941440988
55121,indoor,pm25,54.385296149090046,-17.65258215962441,-60.50131392763291,-36.004784688995215,-24.61538461538461,-30.644751334406596,90.95090922861787
55121,outdoor,pm1,30.244542794114647,32.84433577832111,-40.08875739644969,2.2296348314606704,42.71534320323015,31.567287215772506,1.690460288525168
55121,outdoor,pm10,-68.42595298012374,-37.09922609176342,-200.30505400280322,-111.24511635807711,-60.280092360204804,-90.03909152216897,-39.66076398133118
55121,outdoor,pm1num,24.43900324930535,-4.1511060040218375,-2.3544631306597603,-43.52468108707708,25.432666649724254,47.21926162271026,48.032743134745864
55121,outdoor,pm25,8.864973696247262,26.589007011988244,-96.94835680751173,-60.90880796763149,33.86481537992066,-1.9667665486243764,-8.515021139489985
55121,ratio,pm1,79.73624253294567,-66.97833407285887,15.298006758403401,-25.36576472194984,-75.70824132545991,74.89492240048726,94.41684300756789
55121,ratio,pm10,88.91124039470748,31.156429269731117,55.80842245691767,45.0030590839665,50.652105744393886,81.93365710197845,96.61928811084626
55121,ratio,pm1num,68.30457192801666,-28.599485100224914,-4.314812094820117,5.929852739798723,-36.05835877661085,74.3700516665985,86.94380005956945
55121,ratio,pm25,85.6444036681898,-26.82825907667339,34.4914318283197,5.196872449664827,-26.850397864137634,78.18494994960496,97.27979496590687
57201,indoor,pm1,5.163546183461587,-57.67790262172283,-345.00846023688655,-154.16666666666669,-35.61643835616438,-2.6822847113586277,22.864828646462755
57201,indoor,pm10,20.541835285188778,-12.132822477650059,-211.05854523950322,-56.59163987138263,2.4031138940599144,13.72863018353545,54.15821843620896
57201,indoor,pm1num,-13.094489841996026,-21.979223619464182,-41.53271028037386,-49.22760041194646,-39.09970238095241,-86.26513886489708,55.592686883562656
57201,indoor,pm25,9.204714525936504,-38.04195804195805,-176.89922480620154,-100.9009009009009,-25.801150369761693,-2.6573505064964302,33.724262181327774
57201,outdoor,pm1,-74.09796786034651,-187.70718232044197,-637.7272727272726,-308.6805555555556,-12.878015630309205,-59.791756675019364,-40.962178633313655
57201,outdoor,pm10,-17.011167970429728,-23.258559622196007,-137.41307371349097,-123.53238866396761,-29.411764705882344,6.79872377643918,26.65474500242508
57201,outdoor,pm1num,10.931073298681376,34.84952739651612,63.33594908012905,44.869396357780566,15.71420206692626,-33.497632539004876,-137.72804059152938
57201,outdoor,pm25,-53.28832520441554,-98.93301719027862,-127.80392156862749,-180.39430449069002,-7.816186880604055,-62.314568352469124,-45.594510489236406
57201,ratio,pm1,70.88009504613109,27.842258645052237,-92.06908551941277,-10.251147303495422,60.857294067323494,72.96919987930623,78.69800530035079
57201,ratio,pm10,63.00569999204915,21.859300355036524,-95.10650769593884,-17.622365538171398,42.296420312762216,41.804000387999615,86.45009317076844
57201,ratio,pm1num,-107.31867219848071,-92.33798870353657,-94.92886518043936,-92.23553879375129,-98.48026988897738,-214.23935694054109,-50.94924178863841
57201,ratio,pm25,63.26289392212047,6.020412862908107,-41.271615313269145,-9.390264545683074,39.752102183877966,54.60062200902687,77.13984446929011
57211,indoor,pm1,44.574969666866,60.8085250338295,52.72617429391331,51.450411603292835,71.40664247837009,52.99851953972578,-92.57407603349688
57211,indoor,pm10,26.922539291000547,55.12305374183828,49.113233287858115,46.84779345541879,63.6698642957417,11.261587485515902,-63.94427905271615
57211,indoor,pm1num,30.57756239804184,31.534211644708876,-Inf,-63.40361445783131,67.30185388540792,44.55240775867385,-56.94581728543985
57211,indoor,pm25,41.26326330796266,58.34415584415585,50.35360678925036,50.320284697508896,70.82971764234698,45.81778215373361,-104.00153278167352
57211,outdoor,pm1,-4.4897565072836185,-3.639199376137253,-15.77123050259967,-45.56868537666174,33.496252851091576,-56.865006761594124,-53.76251444857061
57211,outdoor,pm10,-28.707085734131446,-5.501517391642666,-1.8455743879472752,-49.46955719557194,-39.45017711381488,-36.500556173526036,-29.16218859211584
57211,outdoor,pm1num,-1.575441123727372,-14.889445594161844,-135.75152041702864,-130.6897477187332,6.210584041678094,15.155967450271282,25.30186017452271
57211,outdoor,pm25,0.18887465696594455,7.429840500706649,-2.5450901803607304,-4.579848665870162,33.926289926289925,-52.46778838866144,-54.54902646656264
57211,ratio,pm1,34.07031941154281,61.15885501757278,94.28702644741027,66.31819082750003,55.4117199492999,-15.669483961948284,-9.81829612390065
57211,ratio,pm10,22.169523913050167,68.04600549512391,67.87665186394197,77.89703394598158,54.96226580334062,4.186653095313217,-146.185600098807
57211,ratio,pm1num,20.716038410647098,57.733141802796844,-Inf,47.297077151126885,56.9262516886311,-5.0506109840247655,-121.80023669210047
57211,ratio,pm25,17.402391254291253,59.79498870079587,90.88019236051866,65.08829421122563,52.955655829906156,-34.55127787834176,-253.71441366132183
57251,indoor,pm1,54.06275868562655,57.06079463858305,66.18962432915922,58.44594594594594,53.64465219604757,65.8961776039716,43.88871470638375
57251,indoor,pm10,45.254758305888885,53.51418002466092,58.80425332709156,57.46520740440481,47.6975598401676,59.59541591941044,-22.390938256540387
57251,indoor,pm1num,40.74315598761413,46.52815746309458,57.23076923076923,50.78407720144753,41.79198297954643,54.81075725813402,29.850746409907334
57251,indoor,pm25,50.0741503375371,55.48387096774194,61.26126126126126,56.576047024246876,53.15641997692434,67.04953911081925,13.998526712410897
57251,outdoor,pm1,21.147642453327418,22.215189873417717,34.33242506811989,30.760095011876487,24.163998577018845,10.657374619122157,8.2731747554397
57251,outdoor,pm10,-6.525063385762518,-7.234839616014988,7.983193277310913,9.717436250861466,-13.899680865824898,1.29032973245618,-7.852780774822954
57251,outdoor,pm1num,52.185588229577014,68.13100121714827,87.03128307478302,84.68457266020062,48.68017018128006,15.66842849666306,-26.27306110331554
57251,outdoor,pm25,6.505147720204803,-6.0019841269841265,14.053229360908624,6.524663677130033,9.044239770496745,10.19123177965315,1.754424600106532
57251,ratio,pm1,48.19586334243976,36.495194686186544,37.821744155576205,44.211491701673765,32.63779773326806,56.97022164848055,38.290440840442415
57251,ratio,pm10,29.815986104211508,57.391368397866096,71.29251513894779,63.240947815927726,48.064689796455646,33.97966864221863,-52.722075044459324
57251,ratio,pm1num,-159.37091805854158,-99.66123466006857,-17.28447906582798,-51.62124269240852,-88.82232162049893,-71.17992776261049,-393.74533771371676
57251,ratio,pm25,45.39182814042507,51.203045898198994,56.60598028351252,53.31000395974351,42.08202488661649,51.185863738989575,19.876014777099623
57301,indoor,pm1,19.70200715728629,36.702649656526,27.82485875706214,24.60251046025105,48.71921791857443,48.45292166708839,-176.35062906473215
57301,indoor,pm10,-1.2603478754000135,34.73669388904534,26.018623176704892,32.61118898942271,42.86125607342091,21.967671572927458,-241.20963170371562
57301,indoor,pm1num,28.56065841797967,42.68605645851156,36.09067527962198,29.288777698355954,49.300322927879435,53.55245580788465,-115.57850702692647
57301,indoor,pm25,20.278695312515804,34.10886742756805,28.610771113831092,27.775837988826805,48.323770952863086,52.347136244808326,-173.09376769250525
57301,outdoor,pm1,30.996104399494364,-5.6953179594688965,-10.24375000000001,-1.4636309875813025,17.417430036137503,36.41007879470084,75.74972749926147
57301,outdoor,pm10,43.76385610551595,12.09204689480355,-20.93611206012984,-23.922097011269003,24.245222877878934,61.67696177661348,61.99717204380094
57301,outdoor,pm1num,8.63088926003423,-8.12799735405987,-25.33159571387203,-25.968497232865047,0.12411174924559994,15.395453089977606,54.20585308578363
57301,outdoor,pm25,44.05746699082755,26.11623616236162,-15.922228060956382,11.164835164835164,38.09387521465369,61.81644702871383,74.91065284065436
57301,ratio,pm1,-0.9855311509716318,28.97618903891773,38.84677747052532,33.81501289733319,29.167155408979017,27.646433268394276,-508.7977557264271
57301,ratio,pm10,-10.668120090854652,32.28110579870237,-7.748416027123552,22.752238497626767,23.61641763470469,22.41538418209057,-138.68453950228246
57301,ratio,pm1num,21.576626147255816,44.93435462992094,49.84397755110197,42.67808821016583,47.29941474004453,43.196199056104156,-288.84475461417605
57301,ratio,pm25,-20.2042059770839,21.53800913551588,-26.80412763093186,23.51179706668838,20.493685818002145,11.395044116311453,-594.3573985118577
57311,indoor,pm1,0.5455825429564019,20.772566022861653,56.460674157303366,29.439999999999998,33.359390267735,-21.51842745450051,-129.88099683405812
57311,indoor,pm10,-56.17569418961627,25.036299522920554,45.75936883629191,26.04804521902968,-38.534591194968556,-98.04737698518869,-144.02435493421282
57311,indoor,pm1num,-15.386173484258824,16.55290102389078,57.7543972371697,38.04824561403508,4.612112392253431,-16.64976027605104,-130.5222583112036
57311,indoor,pm25,-1.6912751689481818,21.918270854441083,49.797388563710044,29.946524064171122,32.3514122335817,-21.722004707774968,-153.86655417703344
57311,outdoor,pm1,46.085953397391954,47.22528482175671,44.48164146868251,36.206377858002405,50.07893698197605,44.379702438196574,40.619882205388755
57311,outdoor,pm10,14.099587045035927,42.47379897306042,74.6494850038568,63.48792535675083,17.122777510812128,-46.85641183122581,-60.37265843414785
57311,outdoor,pm1num,-47.72903552586864,-22.429295406244904,34.2608991825613,16.082374819202432,-61.5118324726179,-91.50570776604415,-103.75233151752435
57311,outdoor,pm25,34.92678207333186,37.17308844080655,54.6532394086715,52.02497615124447,35.63379860716741,19.341691401231586,16.7522051705645
57311,ratio,pm1,28.974204304383434,45.36002540367061,46.34491459191369,52.772697746031554,35.70541778143651,11.10414329245957,-32.60662143800184
57311,ratio,pm10,-140.88641593432604,-5.098625559259313,44.174288298375764,20.387214133099018,-64.08971485266737,-176.3130404517505,-273.0304896713573
57311,ratio,pm1num,59.86022214214606,63.02526123984296,80.97009212457698,71.50149955023177,53.1539208984141,62.378357413372996,50.78844109011943
57311,ratio,pm25,6.629958290247968,37.21615507208796,43.053909090969476,40.08734232794844,15.966255109160702,-12.912887792384021,-108.46598640527253
57331,indoor,pm1,67.91873966534438,42.34384792145394,60.76448579229447,44.769769769769766,42.908607216094886,87.47287844732976,55.71634620699091
57331,indoor,pm10,46.497489457928914,27.54001185536454,60.57142857142856,18.87488472179526,33.053645739098975,51.424760469425166,61.899705808517886
57331,indoor,pm1num,70.1023659599991,56.738878782867545,67.89082881798113,60.33004368225205,56.225201520277324,85.67696187000708,60.73699304686987
57331,indoor,pm25,68.83092818827429,46.91572545612511,59.69176052163604,39.04448105436573,44.15758176412289,87.14520953807349,60.143893162365714
57331,outdoor,pm1,1.2601871156133844,-8.548983364140483,-46.4441015570206,-26.846220677671592,1.406644148958915,16.142290318941782,16.188997099953855
57331,outdoor,pm10,95.62439063384777,-0.4425338222278435,-34.12698412698412,-51.602708803611755,19.459168461156196,51.400125912475175,97.45274534935494
57331,outdoor,pm1num,30.73849679557731,43.16200390370853,39.342978920815334,44.10270880361174,34.581920992205454,36.522577736148364,32.372295194577624
57331,outdoor,pm25,35.736236115362594,2.0040662213186033,-38.7602567227232,-44.37299035369775,19.964804223493175,41.62188568637026,79.86709825221689
57331,ratio,pm1,59.49289635017698,51.34986534777919,47.75206691920415,49.58529512500469,66.69564863805768,84.83930652048852,29.7331575349221
57331,ratio,pm10,33.501666953068806,37.03898010577098,38.10338915165287,32.18508654982309,39.468803566771555,39.59907484429381,15.362008254772608
57331,ratio,pm1num,33.76453367864396,36.40344938442465,53.781344070761556,40.70000654628624,39.12372878191926,65.22757317591754,-34.272091790127796
57331,ratio,pm25,54.358284896623395,47.87780862531468,45.102814816403196,48.92881720755043,58.59152070115846,81.26531957809067,19.978496450943922
57341,indoor,pm1,62.29120770150952,-72.62357414448668,-372.7314814814814,-167.19858156028366,17.469160366096304,84.9334971431182,86.23865331615106
57341,indoor,pm10,34.00788908607965,-111.44053017091036,-445.1545253863135,-206.1475409836065,-1.9195103857566669,59.53068163846275,58.45669694049344
57341,indoor,pm1num,67.3514382175993,-22.436350777934937,-73.41377968080964,-12.365047233468282,43.699330278463165,83.26997512789436,86.88304661191273
57341,indoor,pm25,60.45835473844058,-71.59904534606204,-351.4745308310992,-156.63082437275983,13.566108007448781,83.10090316944384,86.35451193099594
57341,outdoor,pm1,-194.05699943128178,-208.4689471936234,-592.7352884799692,-337.017310252996,-195.35031847133757,-204.16252460869694,-3.574197212394238
57341,outdoor,pm10,10.925635688907905,-50.320021158423685,-575.3267973856209,-245.21442201466297,25.276366895727513,51.409209118637904,-135.86440082917053
57341,outdoor,pm1num,-113.13244149058764,-124.60330716552528,-62.96476306196841,-103.41053299492386,-113.27748855051478,-129.73772337400888,-47.513279014669
57341,outdoor,pm25,-82.13859056165894,-138.23845327604727,-442.94646346229,-285.96445373758496,-40.00605562524331,-69.22537430247095,-2.76849044040425
57341,ratio,pm1,88.1356523004559,37.22844494913595,-46.63594731814973,3.383813734660634,77.71363575749726,96.00271835028414,96.2708750590344
57341,ratio,pm10,80.07160538544449,-39.95734338511392,-424.56741784580913,-203.89260760101783,45.139381005552615,89.98613866732349,93.45739678611712
57341,ratio,pm1num,84.90369930647235,26.538189130190407,-75.26284682537724,-28.16387118999062,74.62858096295682,95.19820789119063,96.54296592272097
57341,ratio,pm25,85.36493971267618,14.657548125633237,-191.99548450778983,-49.350850166870075,70.19961309974964,95.25406094396328,96.10964137172637
221001,indoor,pm1,23.632877997668295,-48.16297691945361,96.33330936803509,-20.651355421686752,23.743183536997975,42.3373370257621,15.700309200851997
221001,indoor,pm10,7.692243359692262,-73.77516682826672,45.80296777592414,-81.66322657966577,0,-2.6695143715754117,25.402863727023355
221001,indoor,pm1num,17.031545025848118,-37.05119179322136,13.143638296795102,-35.60580003982547,19.149810042098785,47.01704555610343,5.348275594747486
221001,indoor,pm25,19.05640333524848,-56.45565247430695,53.94589760786944,-40.1603498542274,18.74761608962413,29.918328753458123,16.544530543942447
221001,outdoor,pm1,20.757845157268406,15.048424802404549,44.855176960158204,46.83508626188605,11.968751423495652,21.331785921528407,13.512587340918236
221001,outdoor,pm10,-60.89686226789422,2.3331508695103027,-37.72183911426093,-18.424505426744744,-6.36563712803097,-72.47671125002279,-265.52744233268174
221001,outdoor,pm1num,7.737025369108528,38.78083469696739,-0.6294133189981264,11.61622213852842,15.49288171237915,-22.27504450463942,-29.5627114735348
221001,outdoor,pm25,-3.449510744399388,6.795435048223154,-39.115590551181114,13.93441841395159,26.419020953076593,-67.53447219409588,-46.91009225351957
221001,ratio,pm1,-70.85499890685622,6.384753072777185,94.81437223058154,29.122516277822015,-27.67663809630414,6.516018200880936,-399.44983600097686
221001,ratio,pm10,-10.757891078790019,20.484297953256437,67.06857911918314,37.115523588525555,-54.959420837990805,-28.711954054018296,-7.196858677751776
221001,ratio,pm1num,-73.6267616585327,1.0040695954645205,30.8836896340622,-4.951003327464325,-4.91440274891495,-96.46396983839101,-384.4469670708919
221001,ratio,pm25,-38.19339716301292,23.1442304569254,66.7173343458164,32.996220424623694,-24.778261235062953,-75.14828703858231,-144.62864999951623
250001,indoor,pm1,59.60982094422707,65.81347855684139,100,95.76059850374065,62.18055648228465,36.63002457949326,26.901298688915066
250001,indoor,pm10,37.104953357279655,41.42887172210836,94.05094180130465,65.80424094949595,28.89167384663585,26.335788434927853,34.857580486757044
250001,indoor,pm1num,48.632692905680464,55.75488746508954,73.51149587009418,60.36544702796426,44.69745793054064,28.446009681476454,6.319298290918295
250001,indoor,pm25,43.01563090986127,48.30499411827612,94.13550858037623,76.38245288847698,38.854011491806766,26.411161174746194,12.267924502525446
250001,outdoor,pm1,22.067607479144993,39.89073908704102,69.91181079406728,50.36973577419064,25.760737848391013,-15.752445325447507,-30.877289540968487
250001,outdoor,pm10,-42.51824484379626,-18.360144550937285,32.45704110016376,12.849667085026272,-29.502847197838268,-52.55863628924283,-74.21466848094003
250001,outdoor,pm1num,18.146487880215563,24.12214730290456,14.853699694345384,14.784843677837793,34.28263419630909,7.550985811375207,-10.479988963925312
250001,outdoor,pm25,-36.01672087025525,-4.850698035160294,34.34480050609716,24.551122914381395,-16.081994928148763,-81.93061480417585,-189.39739996435586
250001,ratio,pm1,44.83559323339283,74.15679652627631,100,92.31315942185257,47.72099937364093,18.328884144424702,-163.28693344288186
250001,ratio,pm10,6.106900264715714,59.941976292640845,82.33548014351095,67.13312028803837,48.61731915791803,1.4733668822552402,-293.2008111349107
250001,ratio,pm1num,19.024989767593613,38.573616151579806,58.420290094141436,51.33108487076177,6.291235763750498,-36.27134593851576,-140.14127242362994
250001,ratio,pm25,50.07769880636427,70.99298521833629,89.92758284321852,79.86859670481448,50.55403834456401,38.77850576341592,-88.58680243780726
261001,indoor,pm1,-116.48675577000998,-1826.53605015674,-19345.000000000004,-2869.1928527418354,-42.08221727484606,-51.89140497872453,-21.03321997981082
261001,indoor,pm10,-61.61518655515482,-208.1187321431996,-1460.005813953488,-467.3288367365795,-52.46578816630127,-57.97411617436275,18.842690141569907
261001,indoor,pm1num,-102.80822753680981,-998.7225590633492,-569.8107810781078,-767.8585569396644,-37.888740817003985,-34.31766092331074,-23.339103467660937
261001,indoor,pm25,-111.99621098734325,-973.4245041586693,-1839.9154163729734,-999.3005952380952,-45.76319340862277,-63.58302201904797,-10.401340816971059
261001,outdoor,pm1,-69.67711774668778,-61.30810488676996,-742.7632518931276,-183.08994873388227,-41.089841890962944,-33.931421814957076,10.913693328738182
261001,outdoor,pm10,-427.47524325574284,-547.3688579017263,-938.7103156484947,-780.2707575201148,-529.6415952075795,-334.11435814068994,-286.12993667548596
261001,outdoor,pm1num,-93.16503633981806,-159.62576466354804,-229.9538004264576,-216.56010389869883,-118.50284964760431,-28.551002346521987,8.456233035701798
261001,outdoor,pm25,-314.31354862133264,-186.57291376589623,-738.5645933014355,-374.325866002904,-215.19760244237176,-489.3917535242846,-371.9506229356584
261001,ratio,pm1,89.76724415374026,-2268.3430307025387,-14036.999611849378,-1738.4548181422367,-36.27372636757555,84.38600664578775,99.07200141137267
261001,ratio,pm10,84.02395341053757,2.216267473491404,11.793995010224034,-30.65912468696127,71.42357040003654,86.49873727840885,91.52600778867317
261001,ratio,pm1num,39.96004639636405,-792.7356513339624,-145.8995071833907,-270.58296600708957,7.674233028899912,72.14424765375279,70.50257234884448
261001,ratio,pm25,70.88570269486245,-655.2297663633611,-73.9220409595172,-255.4036573681833,37.10547086117734,82.96297543705725,85.9375990828918
270001,indoor,pm1,10.030213226914409,-913.4453781512603,-Inf,-2433.3333333333335,-115.10824504836484,65.21317442827619,-35.69511681463605
270001,indoor,pm10,28.917835892581934,32.43431355489821,-Inf,-46.797287113790524,47.83902740468894,43.7217702610473,-11.602560489420032
270001,indoor,pm1num,-86.20672048772312,-57.03119690070003,-331.3279902607284,-156.15161241020934,-89.33612970880048,34.16548358319803,-280.8323238988829
270001,indoor,pm25,16.150377707824436,-55.38621406304121,-Inf,-121.08374384236453,-26.91158375812973,65.49270713694872,-14.521665567575145
270001,outdoor,pm1,-640.9763770371512,-849.8108448928122,-18708.333333333336,-1032.9244357212956,-785.0008493290301,-326.87341513888475,-308.44334665913135
270001,outdoor,pm10,-461.7240059444324,-492.55298208778953,-1958.4675044178284,-745.889996977939,-410.651855241194,-342.91344814373207,-546.0827573966087
270001,outdoor,pm1num,-441.02424422566264,-515.3381464564608,-289.256038647343,-381.1403582259604,-603.7383932176019,-623.7375995161431,-209.31228415507198
270001,outdoor,pm25,-573.9686115026502,-618.2772543741588,-1340.6967213114756,-612.5429225486455,-638.3437213122675,-431.25410485548775,-451.08662838162235
270001,ratio,pm1,93.68328192576,56.2976944924548,-Inf,-367.31441850707347,89.00751435709023,98.0920102058252,93.21575030659557
270001,ratio,pm10,88.47552305723674,86.65151184536812,-Inf,74.12360938405563,91.65591948922747,93.1292266305553,66.272559958935
270001,ratio,pm1num,72.335355640163,72.36448947983783,7.008264723851788,53.72383691990209,78.3126164237288,88.86738976646382,57.25300703260755
270001,ratio,pm25,88.94696250507434,81.05086930821415,-Inf,61.604011056407785,86.15713325320829,96.58519014182805,81.61763155324394
all,indoor,pm1,58.31146726718825,53.55648535564853,56.89655172413794,54.54689984101749,59.02061855670103,63.58437434097073,23.404616317453925
all,indoor,pm10,25.847748666750086,52.449922958397536,55.099153886832326,54.88505747126437,42.56015110482898,36.762355253498825,-212.72764031038037
all,indoor,pm1num,52.338149052796574,49.620596205962066,43.051771117166204,49.01041666666667,55.499530956848034,54.447911336320324,40.290817492330845
all,indoor,pm25,54.097693436292055,52.953929539295395,49.361702127659576,53.00925925925926,57.54536771728748,61.69685209141871,18.13213921294232
all,outdoor,pm1,-7.0964047631980085,-10.930493273542604,-0.3508771929824565,-21.42038946162658,-8.448078026391272,3.7872304956657907,-12.99376673707802
all,outdoor,pm10,48.98642121208737,-21.34710004472939,-9.355509355509364,-24.97048903878583,-12.141417492931591,-10.74338700780151,96.12658137802222
all,outdoor,pm1num,1.8409492453531549,-11.344651037456206,-14.409221902017268,-27.842643147137046,4.848243341967194,10.044247134997965,14.45192957563185
all,outdoor,pm25,-8.05435923130846,-14.184661206254663,-8.63039399624764,-33.133433283358315,-10.193104162352462,-0.5843660898287016,17.146482106807976
all,ratio,pm1,57.91630570374021,60.20195860836765,60.42310390700248,61.27953296734726,62.6271276827709,63.314821187773575,69.54828991164949
all,ratio,pm10,16.855531297628225,57.745952626508384,65.09125800603088,61.160913970980154,52.409197124296675,34.60387571910215,-52.094340003896086
all,ratio,pm1num,56.44954534562401,52.564804148701434,33.79195021078269,48.231309496520595,63.77287588785943,54.2415820957821,40.85377376861989
all,ratio,pm25,59.62172285664136,59.025539903821986,61.48931785752583,60.63063508372695,59.74028608317869,64.32516531039552,37.01696906678917
